年級,性別,平常的運動
大一,女,排球
大一,女,籃球
大一,女,桌球
大一,女,跑步
大二,女,羽球
大一,女,跑步
大一,女,排球
大一,女,排球
大一,女,桌球
大一,女,排球
大一,女,籃球
大一,女,桌球
大一,女,跑步
大一,女,羽球
大一,女,跑步
大一,女,排球
大一,女,排球
大一,女,排球
大一,女,籃球
大一,女,桌球
大一,女,跑步
大一,女,羽球
大一,女,跑步
大一,女,排球
大一,女,排球
大一,女,排球
大一,女,籃球
大一,女,桌球
大二,女,跑步
大一,女,羽球
大一,女,跑步
大二,女,排球
大一,女,排球
大一,女,排球
大二,女,籃球
大一,女,桌球
大二,女,跑步
大一,女,羽球
大一,女,跑步
大一,女,排球
大一,女,排球
大一,女,排球
大一,女,籃球
大三,女,桌球
大三,女,跑步
大一,女,羽球
大五以上,女,跑步
大三,女,排球
大三,女,排球
大一,女,排球
大一,女,籃球
大三,女,桌球
大三,女,跑步
大二,女,羽球
大三,女,跑步
大一,女,排球
大一,女,排球
大三,女,排球
大一,女,籃球
大一,女,桌球
大一,女,跑步
大一,女,羽球
大一,女,跑步
大一,女,排球
大三,女,排球
大一,男,排球
大一,男,籃球
大一,男,桌球
大一,男,跑步
大一,男,羽球
大一,男,跑步
大一,男,排球
大一,男,排球
大二,男,排球
大一,男,籃球
大一,男,桌球
大一,男,跑步
大三,男,羽球
大一,男,跑步
大一,男,排球
大一,男,排球
大三,男,排球
大一,男,籃球
大一,男,桌球
大一,男,跑步
大一,男,羽球
大一,男,跑步
大一,男,排球
大一,男,排球
大一,男,排球
大二,男,籃球
大二,男,桌球
大一,男,跑步
大一,男,羽球
大一,男,跑步
大一,男,排球
大一,男,排球
大一,男,排球
大一,男,籃球
大一,男,桌球
大一,男,跑步
大一,男,羽球
大二,男,跑步
大三,男,排球
大一,男,排球
大一,男,排球
大三,男,籃球
大一,男,桌球
大一,男,跑步
大二,男,羽球
大二,男,跑步
大一,男,排球
大一,男,排球
大一,男,排球
大一,男,籃球
大二,男,桌球
大五以上,男,跑步
大一,男,羽球
